time,latitude,longitude,depth,mag,id,place,geohash
2018-07-05T15:17:36.947Z,35.8945,-115.7758,8.6,4.5,nn00642964,"15 km WNW of Sandy Valley, Nevada",9qmsj
2016-06-10T08:04:38.700Z,33.4315,-116.4426667,12.31,5.19,ci37374687,"20km NNW of Borrego Springs, CA",9mvnn
2014-07-05T16:59:34.090Z,34.2823333,-117.0266667,7.25,4.58,ci15520985,"11km NE of Running Springs, CA",9qhg0
2014-03-29T04:09:42.170Z,33.9325,-117.9158333,5.09,5.1,ci15481673,"2km NW of Brea, CA",9qh1h
2013-03-11T16:56:06.060Z,33.5008333,-116.4581667,10.943,4.7,ci15296281,"21km ESE of Anza, CA",9mvnt
2010-07-07T23:53:33.480Z,33.4173333,-116.4746667,12.318,5.42,ci10736069,"20km NNW of Borrego Springs, CA",9mvnj
2009-11-16T21:21:30.630Z,35.5485,-117.2745,1.248,4.6,ci10497821,"26km SSE of Trona, CA",9qkd5
2009-10-03T05:31:57.720Z,36.39,-117.8635,0.08,4.66,ci14520476,"18km NE of Olancha, CA",9qkpj
2009-10-03T01:16:00.310Z,36.391,-117.8608333,-1.77,5.19,ci14519780,"18km NE of Olancha, CA",9qkpn
2009-10-03T01:10:26.100Z,36.3863333,-117.8681667,1.688,4.85,ci14519764,"17km NE of Olancha, CA",9qknv
2009-10-03T01:09:19.140Z,36.391,-117.8638333,0.7,4.74,ci14519756,"18km NE of Olancha, CA",9qkpj
2009-10-01T10:01:24.670Z,36.3878333,-117.8586667,3.985,5.0,ci14517500,"18km NE of Olancha, CA",9qkpn
2009-05-23T22:58:32.940Z,36.3961667,-117.8376667,-0.64,4.73,ci14462064,"20km NE of Olancha, CA",9qkpn
2009-03-24T11:55:43.930Z,33.3171667,-115.7281667,6.003,4.77,ci14433456,"4km S of Bombay Beach, CA",9mvtw
2008-12-06T04:18:42.850Z,34.8133333,-116.4188333,6.37,5.06,ci14408052,"26km WNW of Ludlow, CA",9qjnn
2008-07-29T18:42:15.670Z,33.9485,-117.7663333,15.503,5.44,ci14383980,"5km S of Chino Hills, CA",9qh30
2007-09-02T17:29:14.790Z,33.7321667,-117.477,12.192,4.73,ci10275733,"13km NE of Trabuco Canyon, CA",9mury
2005-09-02T01:27:19.590Z,33.1533333,-115.6463333,1.207,5.08,ci14179736,"13km WNW of Calipatria, CA",9mvu8
2005-09-02T01:27:18.610Z,33.1748333,-115.6311667,4.977,4.5,ci12217067,"12km WNW of Calipatria, CA",9mvu8
2005-08-31T23:32:11.040Z,33.1896667,-115.603,4.267,4.57,ci14178248,"10km SW of Niland, CA",9mvuc
2005-08-31T22:47:45.530Z,33.1663333,-115.6351667,4.003,4.63,ci14178184,"12km WNW of Calipatria, CA",9mvu8
2005-06-16T20:53:26.020Z,34.058,-117.0113333,10.558,4.88,ci14155260,"4km NE of Yucaipa, CA",9qhcc
2005-06-12T15:41:46.520Z,33.5325,-116.5666667,13.051,5.2,ci14151344,"10km ESE of Anza, CA",9mvng
2003-03-11T19:28:17.910Z,34.3591667,-116.1331667,3.069,4.64,ci13945908,"25km NNW of Twentynine Palms, CA",9qj7m
2003-02-25T04:03:04.800Z,34.3155,-116.8445,1.099,4.61,ci13938812,"6km N of Big Bear City, CA",9qhgj
2003-02-22T19:33:45.800Z,34.3096667,-116.8503333,1.409,4.5,ci13936812,"5km N of Big Bear City, CA",9qhgj
2003-02-22T12:19:10.920Z,34.312,-116.8448333,5.589,4.99,ci13935988,"6km N of Big Bear City, CA",9qhgj
2002-10-29T14:16:54.080Z,34.8026667,-116.2665,3.67,4.77,ci9854597,"13km NW of Ludlow, CA",9qjmf
2002-09-03T07:08:51.840Z,33.9123333,-117.7833333,9.371,4.78,ci9818433,"4km NE of Yorba Linda, CA",9qh0z
2001-10-31T07:56:16.630Z,33.5083333,-116.5143333,13.678,5.02,ci9718013,"16km ESE of Anza, CA",9mvns
2001-07-17T12:59:59.170Z,36.017,-117.8823333,-0.706,4.93,ci9674213,"7km ESE of Coso Junction, CA",9qkhv
2001-07-17T12:07:26.100Z,36.0163333,-117.8743333,1.864,5.17,ci9674049,"7km ESE of Coso Junction, CA",9qkhv
2001-02-10T21:05:05.780Z,34.2895,-116.9458333,7.611,4.66,ci9627721,"6km NNW of Big Bear Lake, CA",9qhg4
2000-06-26T15:43:07.550Z,34.7821667,-116.2968333,3.234,4.51,ci9155518,"14km WNW of Ludlow, CA",9qjmc
1999-10-25T18:26:00.630Z,34.617,-116.243,-0.764,4.63,ci3321011,"14km SSW of Ludlow, CA",9qjkf
1999-10-22T16:08:48.060Z,34.865,-116.409,-0.069,4.99,ci9114812,"28km NW of Ludlow, California",9qjnr
1999-10-21T01:57:38.770Z,34.863,-116.395,2.531,4.51,ci3320884,"27km NW of Ludlow, California",9qjnr
1999-10-21T01:54:34.180Z,34.874,-116.391,0.008,4.98,ci3321590,"27km NW of Ludlow, California",9qjnr
1999-10-18T06:35:47.360Z,34.3595,-116.1493333,-0.924,4.59,ci9111353,"26km NNW of Twentynine Palms, CA",9qj7k
1999-10-16T22:53:41.270Z,34.7075,-116.3561667,4.774,4.53,ci9109636,"18km W of Ludlow, CA",9qjm2
1999-10-16T20:14:10.170Z,34.686,-116.269,-1.216,4.53,ci3321577,"11km WSW of Ludlow, CA",9qjm6
1999-10-16T20:13:37.640Z,34.689,-116.28,0.074,4.64,ci9109442,"12km WSW of Ludlow, CA",9qjm3
1999-10-16T17:38:48.650Z,34.43,-116.252,-1.162,4.58,ci9109254,"33km N of Joshua Tree, CA",9qj7f
1999-10-16T12:57:21.060Z,34.4415,-116.2525,0.838,5.37,ci3320736,"32km SSW of Ludlow, California",9qj7f
1999-10-16T11:26:05.380Z,34.813,-116.341,4.885,4.63,ci9108775,"19km WNW of Ludlow, CA",9qjq0
1999-10-16T10:21:20.970Z,34.54,-116.266,-0.514,4.5,ci3321286,"22km SSW of Ludlow, CA",9qjk6
1999-10-16T10:20:52.660Z,34.362,-116.148,-1.009,4.76,ci9108709,"26km NNW of Twentynine Palms, CA",9qj7k
1999-10-16T10:08:04.370Z,34.706,-116.341,0.54,4.74,ci9108676,"17km W of Ludlow, CA",9qjm2
1999-10-16T09:59:38.000Z,34.24,-117.04,6.0,5.6,ci10180015,"7km ENE of Running Springs, CA",9qhfb
1999-10-16T09:59:35.390Z,34.6781667,-116.2895,13.906,5.77,ci3320848,"13km WSW of Ludlow, CA",9qjm3
1999-10-16T09:52:53.970Z,34.502,-116.203,4.897,4.98,ci3320847,"25km S of Ludlow, CA",9qjk7
1999-10-16T09:51:48.330Z,34.4451667,-116.2636667,-0.849,4.77,ci3320846,"32km SSW of Ludlow, CA",9qj7f
1999-10-16T09:47:43.760Z,33.232,-115.66,6.035,4.7,ci3327063,"13km W of Niland, California",9mvv0
1999-10-16T09:46:44.460Z,34.6033333,-116.265,13.73,7.1,ci9108652,"Hector Mine, CA Earthquake",9qjkf
1999-05-14T07:54:03.190Z,34.062,-116.366,1.036,4.93,ci9086596,"8km SE of Yucca Valley, California",9qj3b
1999-01-27T10:44:23.300Z,36.816,-115.989,5.0,4.8,usp00091t5,"39 km NW of Indian Springs, Nevada",9qt92
1998-10-27T01:08:40.650Z,34.323,-116.844,4.078,4.82,ci9069997,"7km N of Big Bear City, California",9qhgm
1998-10-01T18:18:15.960Z,34.111,-116.92,3.175,4.63,ci7112721,"14km NE of Yucaipa, California",9qhf5
1998-08-16T13:34:40.230Z,34.121,-116.928,4.604,4.78,ci9064093,"14km S of Big Bear Lake, California",9qhf5
1998-03-07T00:37:44.400Z,36.074,-117.623,-1.44,4.8,ci3298191,"29km E of Coso Junction, California",9qkm5
1998-03-07T00:36:46.840Z,36.076,-117.618,0.234,5.04,ci9045109,"30km E of Coso Junction, California",9qkm5
1998-03-06T05:49:43.760Z,36.061,-117.63,-0.54,4.85,ci3298168,"28km ENE of Little Lake, California",9qkm5
1998-03-06T05:47:40.340Z,36.067,-117.638,0.334,5.23,ci9044494,"28km E of Coso Junction, California",9qkm5
1997-07-26T03:14:55.920Z,33.398,-116.349,11.113,4.89,ci9017527,"16km N of Borrego Springs, California",9mvmb
1997-03-18T15:24:47.720Z,34.971,-116.819,0.621,5.26,ci7062511,"20km ENE of Barstow, California",9qhyv
1996-11-27T20:17:24.110Z,36.075,-117.65,-0.02,5.3,ci7050470,"27km E of Coso Junction, California",9qkm4
1996-01-07T14:32:53.020Z,35.761,-117.646,3.236,5.17,ci3248846,"16km N of Ridgecrest, California",9qk76
1995-09-25T04:47:29.180Z,35.809,-117.616,8.508,4.9,ci3233618,"20km WNW of Searles Valley, California",9qk7e
1995-09-20T23:27:36.270Z,35.761,-117.638,4.688,5.75,ci3231786,"16km NNE of Ridgecrest, California",9qk77
1995-08-17T22:39:58.100Z,35.776,-117.662,4.784,5.36,ci3225143,"17km N of Ridgecrest, California",9qk7d
1995-05-07T11:03:33.040Z,33.905,-116.288,10.123,4.77,ci3212249,"13km NE of Thousand Palms, California",9qj2c
1994-08-01T21:34:31.120Z,34.64,-116.517,7.93,4.85,ci3178681,"34km WSW of Ludlow, California",9qjjh
1994-06-16T16:24:27.530Z,34.268,-116.402,2.52,4.97,ci3172554,"17km NNW of Joshua Tree, California",9qj4z
1994-04-06T19:01:04.060Z,34.192,-117.095,5.726,4.78,ci3162132,"2km SE of Running Springs, California",9qhdx
1993-08-21T01:46:38.400Z,34.029,-116.321,8.245,5.0,ci3118441,"12km S of Joshua Tree, California",9qj39
1993-05-20T20:14:14.500Z,36.095,-117.702,-0.353,4.52,ci3106252,"23km ENE of Coso Junction, California",9qkm3
1993-02-11T12:39:36.960Z,35.026,-116.973,2.196,4.5,ci3092017,"15km NNE of Barstow, California",9qhz6
1992-12-04T05:25:11.210Z,34.377,-116.918,1.011,4.66,ci3081464,"9km SSE of Lucerne Valley, California",9qhge
1992-12-04T05:25:07.440Z,34.373,-116.912,1.985,4.61,ci3081485,"9km SSE of Lucerne Valley, California",9qhge
1992-12-04T02:08:57.500Z,34.369,-116.898,1.325,5.26,ci3081404,"10km SE of Lucerne Valley, California",9qhge
1992-11-27T16:00:57.490Z,34.34,-116.9,-0.402,5.29,ci3079915,"10km NNW of Big Bear City, California",9qhg7
1992-10-11T12:38:12.440Z,34.944,-116.797,1.604,4.52,ci3069999,"21km ENE of Barstow, California",9qhyy
1992-10-02T07:19:57.340Z,34.601,-116.636,2.014,4.59,ci3068003,"35km ENE of Lucerne Valley, California",9qjhc
1992-09-15T08:47:11.300Z,34.064,-116.361,7.177,5.26,ci3062563,"9km SE of Yucca Valley, California",9qj3b
1992-08-17T20:41:52.120Z,34.195,-116.863,9.44,5.23,ci3055028,"7km SE of Big Bear Lake, California",9qhfs
1992-08-15T08:24:14.660Z,34.087,-116.403,-0.546,4.73,ci3054293,"4km SE of Yucca Valley, California",9qj1z
1992-08-08T15:37:43.340Z,34.376,-116.459,1.384,4.57,ci3052180,"29km N of Yucca Valley, California",9qj5t
1992-08-05T22:22:40.820Z,34.979,-116.952,-0.851,4.79,ci3051065,"11km NE of Barstow, California",9qhyf
1992-07-28T18:27:03.900Z,34.112,-116.415,-0.893,4.6,ci3048163,"2km E of Yucca Valley, California",9qj4n
1992-07-25T04:31:59.930Z,33.937,-116.306,3.701,4.83,ci3046818,"15km NNE of Thousand Palms, California",9qj31
1992-07-24T18:14:36.250Z,33.901,-116.285,7.214,4.96,ci3046661,"13km NE of Thousand Palms, California",9qj2c
1992-07-20T13:13:19.420Z,34.991,-116.948,-0.812,4.68,ci3045013,"12km NNE of Barstow, California",9qhz4
1992-07-20T04:48:01.510Z,34.97,-116.939,3.737,4.55,ci3044898,"11km NE of Barstow, California",9qhyf
1992-07-11T18:14:16.160Z,35.21,-118.067,9.564,5.67,ci3041390,"12km NW of California City, California",9qk03
1992-07-09T01:43:57.610Z,34.239,-116.837,-1.934,4.87,ci3039881,"3km SSE of Big Bear City, California",9qhfv
1992-07-08T02:23:11.330Z,34.575,-116.336,4.9,4.91,ci3038139,"23km SW of Ludlow, California",9qjk8
1992-07-05T21:18:27.600Z,34.583,-116.322,4.922,5.42,ci3035348,"21km SW of Ludlow, California",9qjk9
1992-07-05T10:55:43.290Z,35.03,-116.968,-0.075,4.56,ci3035113,"15km NNE of Barstow, California",9qhz6
1992-07-01T07:40:29.900Z,34.33,-116.464,5.091,5.34,ci3032643,"24km N of Yucca Valley, California",9qj5m
1992-07-01T06:16:56.640Z,35.677,-117.608,2.424,4.51,ci3032594,"9km NE of Ridgecrest, California",9qk6g
1992-06-30T21:22:54.430Z,34.1301667,-116.7238333,11.616,4.85,ci3038550,"16km NW of Morongo Valley, CA",9qhfp
1992-06-30T14:38:11.720Z,33.9971667,-116.3565,1.021,4.99,ci3032166,"14km ENE of Desert Hot Springs, CA",9qj32
1992-06-30T13:05:36.490Z,35.679,-117.6238333,2.764,4.59,ci3032127,"8km NE of Ridgecrest, CA",9qk6g
1992-06-29T16:41:41.930Z,34.249,-116.719,-0.003,4.64,ci3031666,"12km E of Big Bear City, California",9qhfz
1992-06-29T16:01:42.790Z,33.8725,-116.268,0.691,4.83,ci3031649,"13km ENE of Thousand Palms, CA",9qj2d
1992-06-29T14:41:26.040Z,34.111,-116.9968333,3.311,4.59,ci3031622,"10km NNE of Yucaipa, CA",9qhf1
1992-06-29T14:31:30.360Z,34.081,-116.386,4.173,4.64,ci3031618,"6km SE of Yucca Valley, California",9qj1z
1992-06-29T14:13:38.770Z,34.1045,-116.39,11.191,5.08,ci3031615,"4km ESE of Yucca Valley, CA",9qj4p
1992-06-29T14:08:37.730Z,34.105,-116.403,9.649,5.69,ci3031935,"3km ESE of Yucca Valley, California",9qj4p
1992-06-29T10:14:22.280Z,36.705,-116.293,8.8,5.8,usp00059w1,"47 km ESE of Beatty, Nevada",9qt2c
1992-06-29T01:18:13.400Z,35.16,-117.362,3.293,4.67,ci3040295,"32km NE of Boron, California",9qk81
1992-06-28T21:13:16.470Z,34.095,-116.427,2.983,4.67,ci3031245,"2km SSE of Yucca Valley, California",9qj1y
1992-06-28T17:05:57.560Z,34.255,-116.912,6.553,5.26,ci3031157,"1km N of Big Bear Lake, California",9qhfg
1992-06-28T17:01:32.010Z,34.1788333,-116.9246667,9.226,4.98,ci3031154,"7km S of Big Bear Lake, CA",9qhf7
1992-06-28T15:24:29.430Z,34.2011667,-116.751,5.266,4.76,ci3031134,"11km SE of Big Bear City, CA",9qhfx
1992-06-28T15:18:33.190Z,34.2025,-116.7583333,7.761,4.58,ci3031129,"10km SE of Big Bear City, CA",9qhfx
1992-06-28T15:17:14.010Z,34.1111667,-116.8751667,3.64,4.66,ci3037203,"15km SSE of Big Bear Lake, CA",9qhfh
1992-06-28T15:05:30.730Z,34.203,-116.827,3.634,6.3,ci3031425,"The 1992 Big Bear Earthquake, California",9qhft
1992-06-28T15:04:51.500Z,34.1595,-116.8246667,11.363,4.54,ci2057011,"12km S of Big Bear City, CA",9qhfm
1992-06-28T14:43:21.850Z,34.162,-116.852,9.615,5.53,ci2057008,"11km SSE of Big Bear Lake, California",9qhfk
1992-06-28T13:50:46.160Z,34.109,-116.403,4.664,4.95,ci3031243,"3km ESE of Yucca Valley, California",9qj4p
1992-06-28T13:28:21.600Z,36.587,-116.904,4.865,4.65,ci3031875,"16km NNW of Furnace Creek, California",9qsb5
1992-06-28T13:26:05.200Z,34.16,-116.407,4.778,4.88,ci2056989,"6km NNE of Yucca Valley, California",9qj4r
1992-06-28T13:18:15.940Z,34.093,-116.391,-0.739,4.5,ci3055321,"4km ESE of Yucca Valley, California",9qj1z
1992-06-28T13:10:50.210Z,34.4183333,-116.4406667,4.652,4.87,ci2056985,"34km NNW of Joshua Tree, CA",9qj5y
1992-06-28T12:40:53.570Z,34.3411667,-116.5106667,4.388,5.41,ci2056980,"26km NNW of Yucca Valley, CA",9qj5k
1992-06-28T12:36:40.770Z,34.115,-116.4263333,7.502,5.49,ci2056979,"0km E of Yucca Valley, CA",9qj4n
1992-06-28T12:02:58.610Z,34.1511667,-116.3546667,4.856,4.5,ci12178459,"4km WNW of Joshua Tree, California",9qj62
1992-06-28T12:02:31.080Z,34.1031667,-116.4246667,5.586,5.0,ci12178455,"1km SSE of Yucca Valley, California",9qj4n
1992-06-28T12:02:16.960Z,34.0605,-116.4726667,5.378,5.0,ci12178451,"7km SSW of Yucca Valley, California",9qj1v
1992-06-28T12:01:16.190Z,34.12,-116.323,5.706,5.7,ci3043630,"2km SSW of Joshua Tree, California",9qj61
1992-06-28T12:00:45.000Z,34.131,-116.408,-1.1,5.77,ci3043549,"3km NE of Yucca Valley, California",9qj4p
1992-06-28T11:57:34.130Z,34.2,-116.437,-0.097,7.3,ci3031111,"The 1992 Landers Earthquake, California",9qj4w
1992-05-18T15:44:17.970Z,33.951,-116.337,6.131,4.96,ci2052730,"15km E of Desert Hot Springs, California",9qj30
1992-05-06T02:38:43.350Z,33.943,-116.314,6.206,4.83,ci2050937,"15km NNE of Thousand Palms, California",9qj31
1992-05-04T16:19:49.720Z,33.941,-116.304,11.766,4.98,ci2050647,"16km NNE of Thousand Palms, California",9qj31
1992-04-23T04:50:23.230Z,33.96,-116.317,11.629,6.1,ci3019681,"The 1992 Joshua Tree Earthquake, California",9qj31
1992-04-23T02:25:29.870Z,33.956,-116.317,10.829,4.54,ci2047709,"17km NNE of Thousand Palms, California",9qj31
1991-06-28T14:43:54.660Z,34.27,-117.993,8.049,5.8,ci2021449,"13km NNE of Sierra Madre, CA",9qh4g
1990-04-17T22:32:27.290Z,34.106,-117.722,2.903,4.5,ci1057313,"1km N of Claremont, CA",9qh61
1990-03-01T03:23:03.030Z,34.153,-117.72,10.256,4.72,ci676027,"6km N of Claremont, CA",9qh63
1990-02-28T23:43:36.750Z,34.144,-117.697,3.292,5.51,ci1053635,"6km NNE of Claremont, CA",9qh61
1989-04-07T20:07:30.300Z,33.619,-117.902,12.599,4.8,ci657729,"2km E of Newport Beach, CA",9mupm
1989-03-06T22:16:47.630Z,33.181,-115.599,1.117,4.58,ci1022950,"10km SW of Niland, CA",9mvuc
1988-12-16T05:53:04.100Z,33.979,-116.681,6.894,5.03,ci651401,"12km SW of Morongo Valley, CA",9qj12
1988-12-03T11:38:26.450Z,34.151,-118.13,13.719,5.02,ci650799,"1km SSE of Pasadena, CA",9q5fr
1988-11-20T05:39:28.670Z,33.507,-118.071,5.79,4.83,ci1013254,"18km SW of Newport Beach, CA",9mun9
1988-06-26T15:04:58.480Z,34.136,-117.709,6.579,4.66,ci136984,"4km NNE of Claremont, CA",9qh61
1988-02-11T15:25:55.650Z,34.077,-118.047,11.978,4.69,ci743060,"2km WNW of El Monte, CA",9qh1c
1987-10-04T10:59:38.190Z,34.074,-118.098,7.719,5.25,ci732031,"2km WSW of Rosemead, CA",9qh1b
1987-10-01T15:12:31.760Z,34.052,-118.091,10.239,4.62,ci134294,"3km ESE of Monterey Park, CA",9qh18
1987-10-01T14:49:05.920Z,34.06,-118.1,11.03,4.75,ci624580,"2km E of Monterey Park, CA",9qh1b
1987-10-01T14:45:41.450Z,34.049,-118.1,12.874,4.7,ci624578,"3km SE of Monterey Park, CA",9qh18
1987-10-01T14:42:20.020Z,34.061,-118.079,14.6,5.9,ci731691,"2km SSW of Rosemead, CA",9qh1c
1986-07-08T09:20:44.560Z,33.999,-116.608,9.468,6.0,ci700917,"6km SSW of Morongo Valley, CA",9qj16
1985-10-02T23:44:12.450Z,34.023,-117.245,14.698,4.58,ci107945,"3km SSE of Loma Linda, CA",9qh9s
1984-10-10T21:22:58.860Z,33.138,-116.501,10.841,4.5,ci51982,"12km NE of Julian, CA",9mvhs
1982-10-01T14:29:01.700Z,35.743,-117.756,2.995,5.12,ci508442,"12km NNE of Inyokern, CA",9qk72
1982-06-15T23:49:21.280Z,33.549,-116.677,11.473,4.81,ci532392,"1km SSW of Anza, CA",9mvnb
1982-03-07T20:51:00.660Z,35.747,-117.766,4.91,4.62,ci106913,"12km NNE of Inyokern, CA",9qk72
1981-04-19T09:02:50.520Z,35.816,-117.8163333,4.766,4.7,ci514609,"16km SSE of Little Lake, CA",9qk5z
1980-02-25T10:47:38.410Z,33.4753333,-116.4996667,19.41,5.34,ci3326333,"18km ESE of Anza, CA",9mvnk
1979-06-30T00:34:11.590Z,34.2415,-116.8823333,12.55,4.83,ci3350295,"3km E of Big Bear Lake, CA",9qhfu
1979-06-14T07:39:28.100Z,35.7358333,-117.9743333,5.77,4.54,ci3349792,"18km NW of Inyokern, CA",9qk57
1979-03-15T23:07:57.640Z,34.3436667,-116.407,2.0,4.77,ci3346693,"25km NNW of Joshua Tree, CA",9qj5r
1979-03-15T21:07:16.780Z,34.3258333,-116.416,9.27,5.23,ci3346646,"23km NNW of Joshua Tree, CA",9qj5q
1979-03-15T20:17:50.280Z,34.305,-116.4125,8.26,4.83,ci3346630,"21km NNW of Joshua Tree, CA",9qj5n
1976-11-04T10:41:37.790Z,33.115,-115.616,4.61,5.06,ci149237,"9km N of Westmorland, CA",9mvu3
1975-08-02T00:14:07.770Z,33.525,-116.544,14.39,4.9,ci3023147,"12km ESE of Anza, CA",9mvne
1975-06-01T01:38:48.740Z,34.512,-116.488,0.11,5.28,ci3022138,"38km SW of Ludlow, CA",9qjhm
1970-09-12T14:30:53.000Z,34.2548333,-117.5343333,10.75,5.22,ci3323898,"3km W of Lytle Creek, CA",9qh6v
1969-04-28T23:20:44.870Z,33.2591667,-116.361,6.0,5.46,ci3327613,"1km ENE of Borrego Springs, CA",9mvm0
1969-01-23T23:01:00.440Z,33.8915,-116.0493333,6.0,4.75,ci3327909,"24km NE of Indio, CA",9qj2z
1968-04-09T02:28:58.390Z,33.1798333,-116.103,10.0,6.6,ci3329122,"5km NNE of Ocotillo Wells, CA",9mvky
1967-05-21T14:42:34.060Z,33.5518333,-116.6315,8.44,4.71,ci3329635,"4km E of Anza, CA",9mvnc
1965-10-17T09:45:18.780Z,33.99,-116.7613333,13.0,4.95,ci3330427,"8km NNE of Cabazon, CA",9qhcr
1965-09-26T07:00:01.520Z,34.7233333,-116.4608333,6.0,4.69,ci3330409,"28km W of Ludlow, CA",9qjjt
1965-09-25T17:48:02.980Z,34.6975,-116.4425,6.0,4.85,ci3330464,"26km W of Ludlow, CA",9qjjq
1965-09-25T17:43:43.330Z,34.7138333,-116.4316667,6.0,5.14,ci3330460,"25km W of Ludlow, CA",9qjjq
1965-04-15T20:08:33.450Z,34.1345,-117.436,6.0,4.61,ci3330616,"5km NNE of Fontana, CA",9qh6p
1964-01-06T23:47:13.130Z,34.373,-116.4826667,6.0,4.55,ci3331045,"29km N of Yucca Valley, CA",9qj5t
1963-10-27T14:58:12.270Z,33.1451667,-115.425,6.0,4.57,ci3331111,"9km ENE of Calipatria, CA",9mvut
1963-09-23T14:41:52.790Z,33.7036667,-116.9381667,10.66,5.29,ci3331170,"6km SSE of Hemet, CA",9muze
1963-09-16T05:36:16.000Z,35.75,-118.05,6.0,4.9,ci10086718,"24km WNW of Inyokern, CA",9qk53
1963-07-30T06:34:56.850Z,34.1613333,-116.189,6.0,4.64,ci3331237,"11km WNW of Twentynine Palms, CA",9qj6k
1963-03-25T09:28:43.940Z,35.9615,-114.8613333,6.0,4.82,ci3332155,"3km SW of Boulder City, NV",9qqkd
1962-10-29T02:42:53.710Z,34.349,-116.8663333,6.0,4.97,ci3331521,"10km NNW of Big Bear City, CA",9qhgk
1962-09-16T05:36:16.140Z,35.7593333,-118.0508333,6.0,4.95,ci3331691,"24km SSW of Little Lake, CA",9qk53
1961-10-20T19:49:50.180Z,33.671,-117.984,0.62,4.58,ci3344656,"3km SSE of Huntington Beach, CA",9mupe
1961-10-19T05:09:44.520Z,35.8643333,-117.7946667,6.29,5.13,ci3344648,"13km SE of Little Lake, CA",9qkhp
1961-01-28T08:12:46.260Z,35.758,-118.0408333,6.0,5.05,ci3347759,"23km SSW of Little Lake, CA",9qk53
1959-01-05T12:36:02.400Z,36.1653333,-118.0525,0.17,4.72,ci3296903,"14km SSW of Olancha, CA",9qkj9
1957-05-26T15:59:33.570Z,33.2736667,-116.0103333,6.0,4.97,ci3296029,"6km WSW of Salton City, CA",9mvt2
1957-04-25T22:24:13.250Z,33.2226667,-116.0285,6.0,5.05,ci3295973,"11km SW of Salton City, CA",9mvmp
1957-04-25T21:57:36.900Z,33.119,-115.6808333,6.0,5.19,ci3295960,"11km NNW of Westmorland, CA",9mvsr
1957-02-01T07:52:14.560Z,33.9823333,-116.3263333,6.0,4.51,ci3295808,"16km E of Desert Hot Springs, CA",9qj32
1956-05-11T16:30:50.440Z,34.2288333,-116.7776667,11.68,4.68,ci3295148,"7km ESE of Big Bear City, CA",9qhfw
1956-03-16T20:29:33.730Z,34.289,-116.775,2.71,4.7,ci3295013,"7km ENE of Big Bear City, CA",9qhgn
1956-01-03T00:25:49.130Z,33.7528333,-117.4906667,10.81,4.71,ci3297472,"14km NE of Trabuco Canyon, CA",9qh2n
1954-03-23T04:14:48.330Z,33.2623333,-116.0353333,6.0,4.93,ci3299750,"8km WSW of Salton City, CA",9mvmp
1954-03-20T04:19:18.170Z,33.2463333,-116.0788333,6.0,4.74,ci3299731,"12km NNE of Ocotillo Wells, CA",9mvmn
1954-03-19T10:21:16.330Z,33.2095,-116.0976667,6.0,5.48,ci3299672,"8km NNE of Ocotillo Wells, CA",9mvky
1954-03-19T09:57:05.070Z,33.3,-116.08,6.0,4.53,ci3299655,"12km W of Salton City, CA",9mvmq
1954-03-19T09:55:56.190Z,33.3,-116.08,6.0,4.79,ci3299654,"12km W of Salton City, CA",9mvmq
1954-03-19T09:54:27.830Z,33.2985,-116.0805,6.0,6.4,ci3299653,"12km W of Salton City, CA",9mvmq
1954-02-12T09:44:27.490Z,33.3216667,-116.4478333,14.45,4.5,ci3301261,"10km NW of Borrego Springs, CA",9mvjw
1953-11-24T05:46:06.840Z,35.7943333,-116.8993333,6.0,4.79,ci3300252,"43km E of Trona, CA",9qkge
1953-06-14T04:30:01.760Z,33.567,-115.2511667,6.0,4.8,ci3304049,"22km SE of Desert Center, CA",9mync
1951-02-15T10:49:57.230Z,33.4516667,-116.4886667,6.0,4.58,ci3322677,"21km SE of Anza, CA",9mvnm
1951-02-15T10:48:00.220Z,33.4816667,-116.6011667,3.38,4.71,ci3322675,"11km SE of Anza, CA",9mvn6
1950-09-05T19:19:56.770Z,33.726,-116.6973333,6.38,4.76,ci3344132,"2km SE of Idyllwild, CA",9mvpb
1950-08-01T08:37:21.300Z,33.2146667,-115.7236667,6.0,4.7,ci3342844,"15km S of Bombay Beach, CA",9mvsy
1950-07-29T18:43:00.000Z,33.117,-115.567,16.0,4.7,ushis1708,"5 km W of Calipatria, California",9mvu6
1950-07-28T17:26:46.650Z,33.2601667,-115.505,6.0,4.56,ci3344238,"3km NNE of Niland, CA",9mvv5
1949-05-02T11:25:46.900Z,34.0,-115.6958333,6.0,5.69,ci3356151,"38km ESE of Twentynine Palms, CA",9qj9r
1949-01-03T13:43:39.170Z,34.965,-116.476,6.0,4.5,ci3356179,"38km SSE of Fort Irwin, CA",9qjnv
1948-12-05T00:07:20.600Z,33.9216667,-116.3653333,6.0,4.73,ci3356624,"12km NNE of Thousand Palms, CA",9qj2b
1948-12-04T23:43:16.410Z,33.9833333,-116.3308333,6.0,6.0,ci9860350,"16km E of Desert Hot Springs, CA",9qj32
1948-03-01T08:12:13.520Z,34.2656667,-117.4741667,2.52,4.6,ci3357723,"2km ENE of Lytle Creek, CA",9qh6y
1947-07-26T02:49:42.460Z,33.9871667,-116.504,6.0,4.95,ci3358272,"3km N of Desert Hot Springs, CA",9qj1k
1947-07-25T06:19:49.500Z,34.03,-116.4063333,6.0,5.24,ci3358256,"10km SSE of Yucca Valley, CA",9qj1x
1947-07-25T00:46:30.670Z,34.064,-116.4153333,6.0,4.82,ci3358709,"6km SSE of Yucca Valley, CA",9qj1y
1947-07-24T22:54:28.120Z,33.9101667,-116.5166667,6.0,4.69,ci3358700,"3km ENE of Garnet, CA",9qj0u
1947-07-24T22:10:46.820Z,33.9936667,-116.481,6.0,5.3,ci3358693,"4km NNE of Desert Hot Springs, CA",9qj1m
1947-05-11T05:06:20.940Z,34.3063333,-116.1921667,6.0,4.66,ci3358488,"22km NNW of Twentynine Palms, CA",9qj75
1947-04-19T02:29:09.050Z,34.9578333,-116.5616667,6.0,4.51,ci3358384,"36km SSE of Fort Irwin, CA",9qjng
1947-04-11T07:47:08.790Z,34.9591667,-116.5258333,6.0,4.99,ci3358974,"37km SSE of Fort Irwin, CA",9qjnu
1947-04-10T17:18:21.060Z,34.9725,-116.4288333,6.0,4.8,ci3358953,"37km NW of Ludlow, CA",9qjny
1947-04-10T16:03:00.330Z,35.0175,-116.7193333,6.0,5.0,ci3358946,"27km S of Fort Irwin, CA",9qhzp
1947-04-10T15:58:05.110Z,34.9828333,-116.5315,6.0,6.5,ci3358945,"34km SSE of Fort Irwin, CA",9qjph
1947-02-06T17:20:41.560Z,35.6595,-117.8541667,6.0,4.55,ci3358855,"4km WNW of Inyokern, CA",9qk4y
1946-09-28T07:19:10.420Z,33.9346667,-116.8668333,12.81,4.87,ci3359589,"1km NE of Banning, CA",9qhch
1946-07-18T14:27:57.990Z,34.5016667,-115.9148333,6.0,5.51,ci3359696,"17km WSW of Amboy, CA",9qjs6
1946-06-04T12:05:26.660Z,33.9861667,-115.7035,6.0,4.7,ci3359625,"38km ESE of Twentynine Palms, CA",9qj9r
1946-03-18T15:50:42.810Z,35.7786667,-117.7775,6.0,5.24,ci3360225,"15km NNE of Inyokern, CA",9qk5x
1946-03-18T15:49:26.710Z,35.7595,-117.8891667,6.0,4.6,ci3360219,"14km NNW of Inyokern, CA",9qk5m
1946-03-18T10:05:55.960Z,35.7498333,-117.7091667,6.0,4.58,ci3360215,"15km NNW of Ridgecrest, CA",9qk73
1946-03-16T09:46:18.750Z,35.7025,-118.1021667,0.49,4.83,ci3360191,"27km WNW of Inyokern, CA",9qk50
1946-03-15T21:54:35.120Z,35.6965,-118.0521667,6.0,5.04,ci3360183,"22km WNW of Inyokern, CA",9qk51
1946-03-15T19:18:54.840Z,35.6785,-117.8195,6.0,5.43,ci3360181,"4km N of Inyokern, CA",9qk4y
1946-03-15T14:00:36.680Z,35.6913333,-117.7496667,6.0,5.19,ci3360176,"8km NE of Inyokern, CA",9qk70
1946-03-15T13:49:37.090Z,35.7023333,-117.9441667,6.0,6.3,ci3360174,"The 1946 Walker Pass, California Earthquake",9qk5h
1946-03-15T13:21:01.910Z,35.7226667,-117.9406667,6.0,5.43,ci3360172,"14km NW of Inyokern, CA",9qk5h
1946-01-08T18:54:19.630Z,33.1111667,-116.0008333,6.0,5.33,ci3360124,"13km ESE of Ocotillo Wells, CA",9mvs2
1945-03-20T21:55:08.220Z,34.2381667,-116.1415,6.0,4.87,ci3360727,"13km NNW of Twentynine Palms, CA",9qj6v
1944-12-23T08:16:21.370Z,36.5528333,-117.4401667,6.0,4.55,ci3360996,"27km WSW of Stovepipe Wells, CA",9qkrz
1944-07-03T05:38:24.000Z,35.3678333,-117.8468333,6.0,4.57,ci3366587,"19km W of Johannesburg, CA",9qk1n
1944-06-12T11:16:35.810Z,34.0015,-116.6988333,6.0,5.24,ci3366546,"12km WSW of Morongo Valley, CA",9qj12
1944-06-12T10:45:34.680Z,33.989,-116.7311667,6.0,5.06,ci3366543,"10km NNE of Cabazon, CA",9qhcr
1943-12-22T15:50:28.600Z,34.3698333,-115.8185,6.0,5.11,ci3366459,"22km SSW of Amboy, CA",9qjes
1943-08-29T03:45:14.310Z,34.268,-116.9678333,6.0,5.28,ci3366373,"6km WNW of Big Bear Lake, CA",9qhff
1942-10-22T01:50:37.080Z,33.2661667,-115.572,6.0,5.63,ci3366107,"6km WNW of Niland, CA",9mvv4
1942-08-07T01:15:34.480Z,34.2481667,-116.3696667,6.0,4.62,ci3366044,"14km NNW of Joshua Tree, CA",9qj4z
1942-03-03T01:03:25.850Z,34.0011667,-115.8466667,6.0,4.82,ci3365922,"26km SE of Twentynine Palms, CA",9qj97
1942-02-01T15:18:28.790Z,34.4188333,-116.8128333,6.0,4.6,ci3365890,"14km E of Lucerne Valley, CA",9qhgv
1940-06-01T05:27:01.920Z,34.1055,-116.2716667,6.0,4.56,ci3365321,"5km SE of Joshua Tree, CA",9qj64
1940-05-18T07:21:34.470Z,34.0258333,-116.3145,6.0,4.96,ci3365272,"12km S of Joshua Tree, CA",9qj39
1940-05-18T06:04:31.790Z,34.042,-116.2618333,6.0,4.52,ci3365271,"11km SSE of Joshua Tree, CA",9qj3d
1940-05-18T05:51:21.940Z,34.037,-116.3065,6.0,5.2,ci3365270,"11km S of Joshua Tree, CA",9qj39
1940-05-18T05:03:59.660Z,34.089,-116.2818333,6.0,5.31,ci3365269,"6km SSE of Joshua Tree, CA",9qj3c
1940-02-28T17:28:06.820Z,33.1496667,-115.9828333,6.0,4.55,ci3365234,"14km E of Ocotillo Wells, CA",9mvs8
1939-05-04T20:44:46.800Z,35.967,-114.817,,5.0,ushis1247,"1 km SE of Boulder City, Nevada",9qqke
1939-01-07T20:21:49.320Z,35.9518333,-117.5838333,6.0,4.75,ci3364850,"26km NW of Searles Valley, CA",9qkks
1938-09-17T14:23:05.360Z,35.6223333,-117.659,6.0,4.75,ci3364749,"2km E of Ridgecrest, CA",9qk6d
1938-08-18T07:39:44.470Z,34.818,-116.047,6.0,4.54,ci3364732,"15km NE of Ludlow, CA",9qjqp
1938-05-31T08:34:55.420Z,33.6993333,-117.5111667,10.19,5.23,ci3364626,"8km ENE of Trabuco Canyon, CA",9murt
1938-01-04T00:29:00.000Z,33.466,-116.583,16.0,4.5,ushis1188,"12 km SE of Anza, California",9mvn7
1937-03-27T07:42:00.000Z,33.466,-116.583,16.0,4.5,ushis1169,"12 km SE of Anza, California",9mvn7
1937-03-25T16:49:02.180Z,33.4,-116.25,6.0,6.0,ci3364162,"16km WSW of Oasis, CA",9mvq4
1936-09-07T11:48:00.000Z,36.0,-114.8,,4.5,ushis1149,"3 km NE of Boulder City, Nevada",9qqkg
1936-05-07T11:47:00.000Z,33.133,-116.083,16.0,4.5,ushis1140,"21 km SSW of Salton City, California",9mvkq
1936-02-23T22:20:42.300Z,34.0308333,-117.3231667,19.72,4.69,ci3363468,"1km WSW of Grand Terrace, CA",9qh9d
1935-12-25T17:15:00.000Z,33.6,-118.016,16.0,4.5,ushis1127,"6 km SSW of Huntington Beach, California",9mup4
1935-11-04T03:55:54.710Z,33.5068333,-116.6666667,6.0,4.83,ci3363281,"5km S of Anza, CA",9mvn9
1935-10-24T14:52:22.210Z,34.1211667,-116.7383333,6.0,4.61,ci3363245,"17km WNW of Morongo Valley, CA",9qhfp
1935-10-24T14:51:05.360Z,34.0423333,-116.7286667,6.0,4.51,ci3363261,"14km W of Morongo Valley, CA",9qhcx
1935-10-24T14:48:07.510Z,34.1061667,-116.6993333,6.0,4.88,ci3363244,"13km WNW of Morongo Valley, CA",9qj40
1935-07-13T10:54:18.040Z,34.1106667,-117.892,2.66,4.57,ci3363080,"0km S of Citrus, CA",9qh4j
1934-03-02T21:30:23.430Z,33.1268333,-115.8256667,6.0,4.62,ci3362026,"22km WNW of Westmorland, CA",9mvsk
1934-01-20T21:17:00.000Z,33.616,-118.116,16.0,4.5,ushis1019,"11 km WSW of Huntington Beach, California",9mup0
1934-01-09T14:10:00.000Z,34.1,-117.683,16.0,4.5,ushis1017,"2 km NNE of Montclair, California",9qh3f
1933-10-02T09:10:18.920Z,33.8218333,-118.1638333,6.0,4.75,ci3361375,"2km N of Signal Hill, CA",9q5br
1933-08-06T03:32:32.200Z,33.2725,-116.1936667,6.0,4.64,ci3361104,"16km NNW of Ocotillo Wells, CA",9mvm7
1933-03-15T11:13:19.420Z,33.7138333,-118.0016667,6.0,4.66,ci3359974,"2km N of Huntington Beach, CA",9mupf
1933-03-14T19:02:36.100Z,33.6875,-118.0185,8.0,4.76,ci3359963,"2km WSW of Huntington Beach, CA",9mupd
1933-03-14T12:19:00.000Z,33.75,-118.083,16.0,4.5,ushis975,"2 km ENE of Seal Beach, California",9mupb
1933-03-13T13:18:14.050Z,33.7408333,-118.0011667,6.0,4.78,ci3359943,"2km SSE of Westminster, CA",9mupf
1933-03-13T04:32:00.000Z,33.75,-118.083,16.0,4.7,ushis973,"2 km ENE of Seal Beach, California",9mupb
1933-03-12T23:54:00.000Z,33.75,-118.083,16.0,4.5,ushis972,"2 km ENE of Seal Beach, California",9mupb
1933-03-12T17:38:00.000Z,33.75,-118.083,16.0,4.5,ushis970,"2 km ENE of Seal Beach, California",9mupb
1933-03-12T06:16:00.000Z,33.75,-118.083,16.0,4.6,ushis969,"2 km ENE of Seal Beach, California",9mupb
1933-03-11T16:54:29.180Z,33.7285,-117.9995,6.0,4.54,ci3359872,"4km S of Westminster, CA",9mupf
1933-03-11T11:04:00.000Z,33.75,-118.133,16.0,4.6,ushis965,"2 km WNW of Seal Beach, California",9mgzz
1933-03-11T09:10:58.000Z,33.7571667,-117.9435,6.0,4.83,ci3359827,"3km SSE of Garden Grove, CA",9qh0h
1933-03-11T08:55:39.050Z,33.701,-118.0033333,6.0,4.86,ci3359825,"1km NNW of Huntington Beach, CA",9mupd
1933-03-11T08:08:00.000Z,33.75,-118.083,16.0,4.5,ushis962,"2 km ENE of Seal Beach, California",9mupb
1933-03-11T06:58:44.390Z,33.6238333,-118.0011667,6.0,5.29,ci3359813,"7km W of Newport Beach, CA",9mup6
1933-03-11T05:18:47.510Z,33.7666667,-117.985,6.0,5.02,ci3359797,"2km ENE of Westminster, CA",9qh05
1933-03-11T05:13:00.000Z,33.75,-118.083,16.0,4.7,ushis959,"2 km ENE of Seal Beach, California",9mupb
1933-03-11T05:11:02.840Z,33.7556667,-118.0201667,6.0,4.9,ci3359790,"1km WSW of Westminster, CA",9qh04
1933-03-11T04:40:00.000Z,33.75,-118.0833333,0.0,4.7,ci10084358,"2km ENE of Seal Beach, CA",9mupb
1933-03-11T04:39:00.000Z,33.75,-118.0833333,0.0,4.9,ci10084354,"2km ENE of Seal Beach, CA",9mupb
1933-03-11T04:36:00.000Z,33.75,-118.083,16.0,4.6,ushis955,"2 km ENE of Seal Beach, California",9mupb
1933-03-11T03:24:01.180Z,33.7046667,-118.0685,6.0,4.75,ci3359769,"5km SE of Seal Beach, CA",9mup9
1933-03-11T02:59:00.000Z,33.75,-118.083,16.0,4.6,ushis953,"2 km ENE of Seal Beach, California",9mupb
1933-03-11T02:29:59.210Z,33.75,-118.08333,6.0,4.7,ci3359757,"2km ENE of Seal Beach, CA",9mupb
1933-03-11T02:27:00.000Z,33.75,-118.083,16.0,4.6,ushis951,"2 km ENE of Seal Beach, California",9mupb
1933-03-11T02:17:23.100Z,33.7278333,-117.892,6.0,4.62,ci3359754,"2km SW of Santa Ana, CA",9mupv
1933-03-11T02:16:00.000Z,33.75,-118.0833333,6.0,4.5,ci10087150,"2km ENE of Seal Beach, CA",9mupb
1933-03-11T02:09:00.060Z,33.63,-117.97,6.0,4.54,ci3359745,"4km WNW of Newport Beach, CA",9mup7
1933-03-11T02:04:00.060Z,33.63,-117.97,6.0,4.68,ci3359742,"4km WNW of Newport Beach, CA",9mup7
1933-03-11T01:54:09.340Z,33.6308333,-117.9995,6.0,6.4,ci3359741,"The 1933 Long Beach, California Earthquake",9mup6
1930-07-07T12:08:55.000Z,35.5,-118.0,,4.7,ushis847,"23 km SW of Inyokern, California",9qk1f
1930-01-16T00:34:00.000Z,34.2,-116.9,,5.1,ushis835,"4 km SSE of Big Bear Lake, California",9qhfe
1930-01-16T00:24:34.000Z,34.2,-116.9,,5.25,ushis834,"4 km SSE of Big Bear Lake, California",9qhfe
1929-09-26T20:00:22.700Z,34.83,-116.52,,5.1,ushis817,"46 km E of Barstow, California",9qjnh
1929-07-08T16:46:07.000Z,33.91,-118.04,13.0,4.7,ushis810,"2 km WSW of La Mirada, California",9qh0c
1928-09-05T14:42:00.000Z,34.0,-116.0,,5.0,ushis791,"15 km SSE of Twentynine Palms, California",9qj92
1926-04-03T20:09:00.000Z,34.0,-116.0,,5.5,ushis738,"15 km SSE of Twentynine Palms, California",9qj92
1925-08-08T10:13:00.000Z,33.5,-117.0,,4.5,ushis727,"13 km E of Temecula, California",9muy9
1923-07-23T07:30:23.910Z,34.089,-117.259,5.0,6.21,iscgem911466,"3 km SE of San Bernardino, California",9qh9g
1920-01-01T02:35:00.000Z,33.2,-116.7,,5.0,ushis656,"16 km NW of Julian, California",9mvhb
1918-06-06T22:32:00.000Z,33.8,-117.0,,5.0,ushis635,"4 km WNW of San Jacinto, California",9qhb3
1918-04-21T22:32:30.350Z,33.762,-116.972,10.0,6.7,iscgem913126,"The 1918 San Jacinto, California Earthquake",9qhb4
1916-11-10T09:11:00.000Z,35.5,-116.0,,6.1,ushis603,"26 km NNE of Baker, California",9qm9b
1916-09-30T02:11:00.000Z,33.5,-116.5,,5.0,ushis598,Southern California,9mvns
1916-07-16T11:50:00.000Z,34.7,-117.0,,4.5,ushis592,"19 km SSE of Barstow Heights, California",9qhv3
1911-08-11T23:40:00.000Z,33.8,-116.7,,4.5,ushis522,"6 km NNE of Idyllwild-Pine Cove, California",9qj02
1910-05-15T15:47:00.000Z,33.7,-117.4,,5.3,ushis506,"7 km WNW of Lake Elsinore, California",9mux8
1910-05-13T06:20:00.000Z,33.7,-117.4,,5.0,ushis504,"7 km WNW of Lake Elsinore, California",9mux8
1910-04-11T07:57:00.000Z,33.7,-117.4,,5.0,ushis501,"7 km WNW of Lake Elsinore, California",9mux8
1908-11-04T08:37:00.000Z,36.0,-117.0,,6.5,ushis478,"44 km NE of Searles Valley, California",9qkuc
1907-09-20T01:54:00.000Z,34.2,-117.1,,5.3,ushis468,"1 km SE of Running Springs, California",9qhdx
1902-06-11T02:45:00.000Z,33.7,-117.1,,4.5,ushis403,"1 km WSW of Winchester, California",9muxx
